{"parameters/action_net.bias":{"bins":[0,0],"_type":"histogram","values":[1610]},"parameters/value_net.bias":{"_type":"histogram","values":[1],"bins":[0,0]},"parameters/action_net.weight":{"values":[3,3,3,7,4,13,20,47,47,88,138,194,255,348,521,620,750,1024,1302,1602,1962,2352,2779,3186,3617,4044,4474,4822,4936,5261,5407,5380,5255,5190,4841,4699,4344,3987,3393,2929,2629,2182,1827,1456,1263,992,743,589,443,321,222,181,115,99,38,28,28,15,6,10,3,1,0,2],"bins":[-0.00102513306774199,-0.000992421293631196,-0.000959709461312741,-0.0009269976289942861,-0.000894285854883492,-0.000861574022565037,-0.000828862190246582,-0.000796150416135788,-0.000763438583817333,-0.000730726751498878,-0.0006980149773880839,-0.000665303145069629,-0.000632591312751174,-0.0005998795386403799,-0.0005671677063219249,-0.0005344559322111309,-0.0005017440998926759,-0.0004690322675742209,-0.00043632049346342683,-0.00040360866114497185,-0.0003708968870341778,-0.0003381850547157228,-0.0003054732223972678,-0.00027276144828647375,-0.00024004961596801877,-0.0002073377836495638,-0.00017462600953876972,-0.00014191417722031474,-0.00010920234490185976,-7.649057079106569e-05,-4.3778796680271626e-05,-1.1066906154155731e-05,2.1644984371960163e-05,5.435675848275423e-05,8.706864900887012e-05,0.00011978042311966419,0.00015249219723045826,0.00018520402954891324,0.00021791586186736822,0.0002506276359781623,0.00028333946829661727,0.00031605130061507225,0.0003487630747258663,0.0003814749070443213,0.0004141867393627763,0.00044689851347357035,0.00047961034579202533,0.0005123221199028194,0.0005450339522212744,0.0005777457845397294,0.0006104575586505234,0.0006431693909689784,0.0006758811650797725,0.0007085929973982275,0.0007413048297166824,0.0007740166038274765,0.0008067284361459315,0.0008394402684643865,0.0008721520425751805,0.0009048638748936355,0.0009375757072120905,0.0009702874813228846,0.0010029992554336786,0.0010357111459597945,0.0010684229200705886],"_type":"histogram"},"parameters/mlp_extractor.policy_net.0.weight":{"_type":"histogram","values":[1,1,0,0,5,3,9,9,8,19,22,34,40,47,84,95,118,184,187,262,280,301,445,437,519,564,618,676,753,806,776,807,803,809,767,688,677,652,607,552,486,418,358,291,265,222,189,126,106,78,61,55,35,31,22,20,3,4,6,1,2,1,0,3],"bins":[-0.3483118414878845,-0.3374859392642975,-0.32666003704071045,-0.3158341348171234,-0.3050082325935364,-0.29418230056762695,-0.2833563983440399,-0.2725304961204529,-0.26170459389686584,-0.2508786916732788,-0.24005278944969177,-0.22922687232494354,-0.2184009701013565,-0.20757506787776947,-0.19674915075302124,-0.1859232485294342,-0.17509734630584717,-0.16427144408226013,-0.1534455418586731,-0.14261962473392487,-0.13179372251033783,-0.1209678202867508,-0.11014190316200256,-0.09931600093841553,-0.08849009871482849,-0.07766419649124146,-0.06683829426765442,-0.05601239204406738,-0.04518646001815796,-0.03436055779457092,-0.023534655570983887,-0.01270875334739685,-0.0018828809261322021,0.008943021297454834,0.01976892352104187,0.030594825744628906,0.04142072796821594,0.052246659994125366,0.0630725622177124,0.07389846444129944,0.08472436666488647,0.09555026888847351,0.10637617111206055,0.11720208823680878,0.1280279904603958,0.13885389268398285,0.14967980980873108,0.16050571203231812,0.17133161425590515,0.1821575164794922,0.19298341870307922,0.20380933582782745,0.2146352380514145,0.22546114027500153,0.23628705739974976,0.2471129596233368,0.25793886184692383,0.26876476407051086,0.2795906662940979,0.29041656851768494,0.301242470741272,0.3120684027671814,0.32289430499076843,0.33372020721435547,0.3445461094379425]},"parameters/mlp_extractor.value_net.2.weight":{"_type":"histogram","values":[1,0,3,2,1,13,10,14,17,13,24,32,31,36,36,56,42,57,91,96,97,132,112,145,109,156,148,159,178,153,172,157,163,169,152,130,143,125,144,118,98,78,81,62,60,55,37,40,26,28,18,17,15,10,12,1,5,4,5,2,1,2,1,1],"bins":[-0.549797773361206,-0.5316503643989563,-0.5135030150413513,-0.49535560607910156,-0.4772082269191742,-0.4590608477592468,-0.44091343879699707,-0.4227660596370697,-0.40461868047714233,-0.38647130131721497,-0.3683239221572876,-0.35017651319503784,-0.3320291340351105,-0.3138817548751831,-0.29573434591293335,-0.277586966753006,-0.2594395875930786,-0.24129220843315125,-0.22314482927322388,-0.20499742031097412,-0.18685004115104675,-0.16870266199111938,-0.15055525302886963,-0.13240787386894226,-0.11426049470901489,-0.09611311554908752,-0.07796573638916016,-0.0598183274269104,-0.041670918464660645,-0.023523569107055664,-0.005376160144805908,0.012771189212799072,0.030918538570404053,0.04906594753265381,0.06721329689025879,0.08536070585250854,0.10350805521011353,0.12165546417236328,0.13980287313461304,0.1579502522945404,0.17609763145446777,0.19424501061439514,0.2123923897743225,0.23053979873657227,0.24868717789649963,0.266834557056427,0.28498196601867676,0.3031293451786041,0.3212767243385315,0.33942410349845886,0.35757148265838623,0.375718891620636,0.39386627078056335,0.4120136499404907,0.4301610589027405,0.44830843806266785,0.4664558172225952,0.4846031963825226,0.50275057554245,0.5208979845046997,0.5390453338623047,0.5571927428245544,0.5753401517868042,0.5934875011444092,0.6116349101066589]},"parameters/features_extractor.extractors.Display.cnn.0.weight":{"bins":[-0.36148601770401,-0.3504031002521515,-0.33932018280029297,-0.32823723554611206,-0.31715431809425354,-0.306071400642395,-0.2949884831905365,-0.283905565738678,-0.27282261848449707,-0.26173970103263855,-0.25065678358078003,-0.2395738661289215,-0.228490948677063,-0.21740801632404327,-0.20632509887218475,-0.19524216651916504,-0.18415924906730652,-0.173076331615448,-0.16199339926242828,-0.15091048181056976,-0.13982754945755005,-0.12874463200569153,-0.11766171455383301,-0.10657879710197449,-0.09549587965011597,-0.08441293239593506,-0.07333001494407654,-0.06224709749221802,-0.0511641800403595,-0.04008126258850098,-0.02899831533432007,-0.017915397882461548,-0.006832510232925415,0.0042504072189331055,0.015333324670791626,0.026416271924972534,0.037499189376831055,0.048582106828689575,0.059665024280548096,0.07074794173240662,0.08183088898658752,0.09291380643844604,0.10399672389030457,0.11507964134216309,0.1261625587940216,0.13724549114704132,0.14832840859889984,0.15941134095191956,0.17049425840377808,0.1815771758556366,0.1926601082086563,0.20374302566051483,0.21482595801353455,0.22590887546539307,0.2369917929172516,0.2480747103691101,0.259157657623291,0.27024057507514954,0.28132349252700806,0.2924064099788666,0.3034893274307251,0.314572274684906,0.3256551921367645,0.33673810958862305,0.34782102704048157],"_type":"histogram","values":[1,0,1,0,2,0,8,7,3,6,12,23,26,30,30,48,57,68,75,102,106,140,142,163,184,187,208,241,246,270,288,251,273,247,243,232,241,223,219,193,168,166,156,154,117,100,86,77,77,56,35,36,32,20,12,19,10,10,7,1,3,2,2,2]},"parameters/features_extractor.extractors.Display.cnn.4.bias":{"_type":"histogram","values":[64],"bins":[0,0]},"parameters/features_extractor.extractors.Display.cnn.2.weight":{"_type":"histogram","values":[1,1,1,0,2,3,5,6,4,6,27,28,33,47,84,97,134,188,252,326,427,510,659,723,878,993,1151,1328,1422,1581,1627,1712,1703,1703,1705,1656,1537,1514,1410,1225,1120,935,804,708,625,408,381,285,207,171,126,79,65,49,35,26,17,7,4,4,1,1,0,1],