{"parameters/features_extractor.extractors.Display.linear.0.bias":{"values":[256],"bins":[0,0],"_type":"histogram"},"parameters/action_net.bias":{"values":[1610],"bins":[0,0],"_type":"histogram"},"parameters/value_net.weight":{"values":[1,0,0,1,0,0,1,1,1,0,1,0,0,0,4,1,3,3,2,1,1,0,2,1,1,0,1,1,3,1,1,2,1,1,2,0,0,1,1,3,1,0,0,1,3,2,2,0,2,0,1,0,1,1,1,0,2,1,0,0,2,0,0,1],"bins":[-0.26496484875679016,-0.25727590918540955,-0.24958699941635132,-0.2418980598449707,-0.23420913517475128,-0.22652021050453186,-0.21883128583431244,-0.21114236116409302,-0.2034534215927124,-0.19576451182365417,-0.18807557225227356,-0.18038664758205414,-0.17269772291183472,-0.1650087833404541,-0.15731987357139587,-0.14963093400001526,-0.14194200932979584,-0.13425308465957642,-0.126564159989357,-0.11887522041797638,-0.11118629574775696,-0.10349737107753754,-0.09580844640731812,-0.0881195217370987,-0.08043059706687927,-0.07274165749549866,-0.06505273282527924,-0.057363808155059814,-0.04967488348484039,-0.04198595881462097,-0.034297019243240356,-0.026608094573020935,-0.01891915500164032,-0.011230230331420898,-0.003541305661201477,0.004147633910179138,0.01183655858039856,0.01952548325061798,0.027214407920837402,0.034903332591056824,0.04259227216243744,0.05028119683265686,0.05797012150287628,0.0656590461730957,0.07334797084331512,0.08103689551353455,0.08872583508491516,0.09641475975513458,0.104103684425354,0.11179260909557343,0.11948154121637344,0.12717047333717346,0.13485939800739288,0.1425483226776123,0.15023724734783173,0.15792617201805115,0.16561511158943176,0.17330403625965118,0.1809929609298706,0.18868188560009003,0.19637081027030945,0.20405974984169006,0.21174867451190948,0.2194375991821289,0.22712652385234833],"_type":"histogram"},"parameters/features_extractor.extractors.Display.cnn.4.bias":{"values":[64],"bins":[0,0],"_type":"histogram"},"parameters/action_net.weight":{"values":[2,5,3,9,9,28,29,44,68,94,142,197,277,369,471,649,828,1032,1301,1672,1943,2273,2589,3060,3444,3951,4159,4540,4719,5013,5187,5364,5266,5200,4873,4616,4269,3965,3558,3177,2703,2407,1967,1672,1342,1081,915,705,542,391,267,203,120,103,73,53,29,28,17,5,8,7,2,5],"bins":[-0.0010026999516412616,-0.0009709120495244861,-0.0009391242056153715,-0.0009073363617062569,-0.0008755484595894814,-0.0008437605574727058,-0.0008119727135635912,-0.0007801848696544766,-0.0007483969675377011,-0.0007166090654209256,-0.000684821221511811,-0.0006530333776026964,-0.0006212454754859209,-0.0005894575733691454,-0.0005576697294600308,-0.0005258818855509162,-0.0004940939834341407,-0.00046230608131736517,-0.00043051823740825057,-0.00039873039349913597,-0.00036694249138236046,-0.00033515458926558495,-0.00030336674535647035,-0.00027157890144735575,-0.00023979099933058023,-0.00020800309721380472,-0.00017621525330469012,-0.00014442740939557552,-0.00011263950727880001,-8.08516051620245e-05,-4.90637612529099e-05,-1.72759173437953e-05,1.4511868357658386e-05,4.62997704744339e-05,7.80876143835485e-05,0.0001098754582926631,0.0001416633604094386,0.00017345126252621412,0.00020523910643532872,0.00023702695034444332,0.00026881485246121883,0.00030060275457799435,0.00033239059848710895,0.00036417844239622355,0.00039596634451299906,0.00042775424662977457,0.00045954209053888917,0.0004913299344480038,0.0005231178365647793,0.0005549057386815548,0.0005866935825906694,0.000618481426499784,0.0006502693286165595,0.000682057230733335,0.0007138450746424496,0.0007456329185515642,0.0007774208206683397,0.0008092087227851152,0.0008409965666942298,0.0008727844106033444,0.00090457231272012,0.0009363602148368955,0.0009681480587460101,0.0009999359026551247,0.0010317238047719002],"_type":"histogram"},"parameters/value_net.bias":{"_type":"histogram","values":[1],"bins":[0,0]},"parameters/mlp_extractor.policy_net.0.bias":{"bins":[0,0],"_type":"histogram","values":[64]},"_step":0,"_wandb":{"runtime":27},"parameters/mlp_extractor.policy_net.0.weight":{"_type":"histogram","values":[1,0,0,0,0,2,6,4,9,7,12,20,27,40,39,68,91,120,145,207,231,303,324,412,462,536,593,711,715,766,836,829,822,767,809,766,779,681,676,624,559,444,408,313,282,247,173,163,111,93,67,35,35,32,13,11,7,4,5,2,2,0,1,1],"bins":[-0.3737490475177765,-0.36241403222084045,-0.3510790169239044,-0.3397440016269684,-0.32840895652770996,-0.3170739412307739,-0.3057389259338379,-0.29440391063690186,-0.2830688953399658,-0.2717338800430298,-0.26039886474609375,-0.24906383454799652,-0.23772881925106049,-0.22639380395412445,-0.21505877375602722,-0.2037237584590912,-0.19238874316215515,-0.18105372786521912,-0.16971871256828308,-0.15838368237018585,-0.14704866707324982,-0.13571365177631378,-0.12437862157821655,-0.11304360628128052,-0.10170859098434448,-0.09037357568740845,-0.07903856039047241,-0.06770354509353638,-0.056368499994277954,-0.04503348469734192,-0.033698469400405884,-0.02236345410346985,-0.011028438806533813,0.0003065764904022217,0.011641591787338257,0.022976607084274292,0.03431162238121033,0.04564666748046875,0.056981682777404785,0.06831669807434082,0.07965171337127686,0.09098672866821289,0.10232174396514893,0.11365677416324615,0.12499178946018219,0.13632680475711823,0.14766183495521545,0.1589968502521515,0.17033186554908752,0.18166688084602356,0.1930018961429596,0.20433692634105682,0.21567194163799286,0.2270069569349289,0.23834198713302612,0.24967700242996216,0.2610120177268982,0.27234703302383423,0.28368204832077026,0.2950170636177063,0.30635207891464233,0.31768712401390076,0.3290221393108368,0.3403571546077728,0.35169216990470886]},"_timestamp":1.7476642175534117e+09,"parameters/features_extractor.extractors.Display.cnn.2.bias":{"values":[64],"bins":[0,0],"_type":"histogram"},"parameters/mlp_extractor.value_net.0.weight":{"values":[1,1,2,1,2,0,8,10,10,10,15,26,36,47,63,80,115,140,174,217,257,315,370,401,479,513,592,633,732,721,780,787,803,789,828,779,764,679,586,560,528,430,412,322,278,223,217,171,134,123,71,43,53,31,26,18,11,11,8,7,0,3,0,2],"bins":[-0.35394287109375,-0.3431614935398102,-0.33238011598587036,-0.32159873843193054,-0.3108173608779907,-0.3000360131263733,-0.28925463557243347,-0.27847325801849365,-0.26769188046455383,-0.256910502910614,-0.2461291253566742,-0.23534776270389557,-0.22456638514995575,-0.21378500759601593,-0.2030036449432373,-0.19222226738929749,-0.18144088983535767,-0.17065951228141785,-0.15987813472747803,-0.1490967720746994,-0.13831539452075958,-0.12753401696681976,-0.11675265431404114,-0.10597127676010132,-0.0951898992061615,-0.08440852165222168,-0.07362714409828186,-0.06284576654434204,-0.05206441879272461,-0.04128304123878479,-0.03050166368484497,-0.01972028613090515,-0.00893893837928772,0.0018424391746520996,0.012623816728591919,0.02340519428253174,0.03418657183647156,0.04496791958808899,0.05574929714202881,0.06653067469596863,0.07731205224990845,0.08809342980384827,0.09887480735778809,0.10965617001056671,0.12043754756450653,0.13121892511844635,0.14200028777122498,0.1527816653251648,0.16356304287910461,0.17434442043304443,0.18512579798698425,0.19590716063976288,0.2066885381937027,0.21746991574764252,0.22825127840042114,0.23903265595436096,0.24981403350830078,0.2605954110622406,0.2713767886161804,0.28215816617012024,0.29293954372406006,0.3037208914756775,0.3145022690296173,0.32528364658355713,0.33606502413749695],"_type":"histogram"},"parameters/mlp_extractor.value_net.0.bias":{"_type":"histogram","values":[64],"bins":[0,0]},"parameters/features_extractor.extractors.Display.cnn.0.bias":{"bins":[0,0],"_type":"histogram","values":[32]},